City_OD,CountryCode, SabreShops ,PctOfTotal,CPCT
CPH-BKK,DK," 7,231,203 ",3.30%,3.30%
CPH-NYC,DK," 6,335,713 ",2.89%,6.19%
CPH-LON,DK," 4,994,427 ",2.28%,8.47%
CPH-PAR,DK," 4,613,060 ",2.10%,10.57%
CPH-BER,DK," 3,584,746 ",1.64%,12.21%
CPH-AGP,DK," 3,051,715 ",1.39%,13.60%
CPH-BCN,DK," 2,949,702 ",1.35%,14.94%
CPH-ROM,DK," 2,783,581 ",1.27%,16.21%
CPH-IST,DK," 2,056,337 ",0.94%,17.15%
BLL-LON,DK," 1,929,513 ",0.88%,18.03%
CPH-LAX,DK," 1,799,255 ",0.82%,18.85%
CPH-DXB,DK," 1,574,118 ",0.72%,19.57%
CPH-BEY,DK," 1,566,540 ",0.71%,20.29%
CPH-HKT,DK," 1,554,389 ",0.71%,20.99%
CPH-MIL,DK," 1,550,064 ",0.71%,21.70%
CPH-AMS,DK," 1,498,114 ",0.68%,22.38%
CPH-PMI,DK," 1,472,990 ",0.67%,23.06%
CPH-MIA,DK," 1,409,663 ",0.64%,23.70%
CPH-NCE,DK," 1,300,083 ",0.59%,24.29%
CPH-LIS,DK," 1,230,117 ",0.56%,24.85%
CPH-REK,DK," 1,199,172 ",0.55%,25.40%
CPH-MAD,DK," 1,154,605 ",0.53%,25.93%
CPH-AYT,DK," 1,148,680 ",0.52%,26.45%
CPH-SFO,DK," 1,116,628 ",0.51%,26.96%
CPH-MNL,DK," 1,106,214 ",0.50%,27.47%
CPH-PRG,DK," 1,080,502 ",0.49%,27.96%
CPH-STO,DK," 1,019,997 ",0.47%,28.42%
BLL-PAR,DK," 988,102 ",0.45%,28.87%
CPH-ATH,DK," 967,104 ",0.44%,29.32%
BLL-AGP,DK," 951,158 ",0.43%,29.75%
CPH-ALC,DK," 887,996 ",0.41%,30.15%
BLL-NYC,DK," 853,863 ",0.39%,30.54%
CPH-LPA,DK," 847,492 ",0.39%,30.93%
AAL-CPH,DK," 833,130 ",0.38%,31.31%
CPH-VIE,DK," 780,931 ",0.36%,31.67%
BLL-BKK,DK," 760,534 ",0.35%,32.01%
CPH-DPS,DK," 757,048 ",0.35%,32.36%
CPH-BUD,DK," 751,447 ",0.34%,32.70%
CPH-SGN,DK," 743,520 ",0.34%,33.04%
CPH-GVA,DK," 727,593 ",0.33%,33.37%
CPH-BEG,DK," 726,904 ",0.33%,33.70%
CPH-BRU,DK," 723,730 ",0.33%,34.03%
CPH-MUC,DK," 720,621 ",0.33%,34.36%
CPH-TLV,DK," 709,713 ",0.32%,34.69%
BLL-ROM,DK," 690,956 ",0.32%,35.00%
CPH-THR,DK," 688,034 ",0.31%,35.32%
CPH-OSL,DK," 681,086 ",0.31%,35.63%
CPH-AAL,DK," 673,744 ",0.31%,35.93%
CPH-SYD,DK," 650,197 ",0.30%,36.23%
CPH-VCE,DK," 648,841 ",0.30%,36.53%
CPH-SIN,DK," 630,801 ",0.29%,36.81%
CPH-TCI,DK," 619,664 ",0.28%,37.10%
CPH-CMB,DK," 618,960 ",0.28%,37.38%
LON-CPH,DK," 617,179 ",0.28%,37.66%
BLL-BCN,DK," 591,064 ",0.27%,37.93%
CPH-DUB,DK," 582,975 ",0.27%,38.20%
,DK," 576,831 ",0.26%,38.46%
CPH-BUH,DK," 572,242 ",0.26%,38.72%
AAL-BKK,DK," 566,590 ",0.26%,38.98%
CPH-DEL,DK," 550,544 ",0.25%,39.23%
CPH-ORL,DK," 550,014 ",0.25%,39.48%
BLL-AYT,DK," 549,680 ",0.25%,39.73%
CPH-MAN,DK," 532,380 ",0.24%,39.98%
CPH-TYO,DK," 528,211 ",0.24%,40.22%
CPH-SKP,DK," 519,369 ",0.24%,40.45%
BLL-PMI,DK," 508,266 ",0.23%,40.68%
CPH-RAK,DK," 502,644 ",0.23%,40.91%
HAM-AYT,DK," 489,623 ",0.22%,41.14%
CPH-HAV,DK," 479,639 ",0.22%,41.36%
HAM-BKK,DK," 475,667 ",0.22%,41.57%
CPH-WAW,DK," 474,793 ",0.22%,41.79%
CPH-KUL,DK," 464,029 ",0.21%,42.00%
CPH-HEL,DK," 463,700 ",0.21%,42.21%
CPH-YTO,DK," 459,650 ",0.21%,42.42%
CPH-ZRH,DK," 453,298 ",0.21%,42.63%
CPH-EDI,DK," 452,473 ",0.21%,42.84%
CPH-FRA,DK," 451,443 ",0.21%,43.04%
AAL-LON,DK," 449,288 ",0.20%,43.25%
AAR-LON,DK," 443,092 ",0.20%,43.45%
CPH-KYA,DK," 433,925 ",0.20%,43.65%
BLL-ALC,DK," 431,890 ",0.20%,43.84%
CPH-ANK,DK," 424,983 ",0.19%,44.04%
BKK-CPH,DK," 424,092 ",0.19%,44.23%
BLL-LAX,DK," 424,080 ",0.19%,44.42%
CPH-FLR,DK," 420,318 ",0.19%,44.62%
CPH-SJJ,DK," 416,269 ",0.19%,44.81%
CPH-CAI,DK," 415,567 ",0.19%,45.00%
CPH-FLL,DK," 415,509 ",0.19%,45.19%
CPH-BJS,DK," 413,998 ",0.19%,45.37%
CPH-HKG,DK," 412,929 ",0.19%,45.56%
CPH-DUS,DK," 409,081 ",0.19%,45.75%
CPH-IZM,DK," 405,451 ",0.18%,45.93%
CPH-RIO,DK," 399,134 ",0.18%,46.12%
HAM-AGP,DK," 395,312 ",0.18%,46.30%
BLL-IST,DK," 378,801 ",0.17%,46.47%
CPH-BUE,DK," 377,593 ",0.17%,46.64%
CPH-USM,DK," 371,928 ",0.17%,46.81%
CPH-SHA,DK," 370,720 ",0.17%,46.98%
CPH-HAN,DK," 369,554 ",0.17%,47.15%
AAL-AGP,DK," 362,664 ",0.17%,47.31%
CPH-HAM,DK," 359,501 ",0.16%,47.48%
CPH-PRN,DK," 358,611 ",0.16%,47.64%
CPH-LYS,DK," 355,330 ",0.16%,47.80%
CPH-CAS,DK," 355,166 ",0.16%,47.97%
CPH-MOW,DK," 350,419 ",0.16%,48.13%
AAL-BCN,DK," 347,651 ",0.16%,48.28%
CPH-KBV,DK," 345,453 ",0.16%,48.44%
CPH-CPT,DK," 343,698 ",0.16%,48.60%
CPH-WAS,DK," 336,973 ",0.15%,48.75%
AGP-CPH,DK," 336,948 ",0.15%,48.91%
CPH-AKL,DK," 336,065 ",0.15%,49.06%
BLL-MIA,DK," 331,684 ",0.15%,49.21%
BLL-AMS,DK," 326,968 ",0.15%,49.36%
CPH-MLA,DK," 323,845 ",0.15%,49.51%
CPH-ZAG,DK," 321,342 ",0.15%,49.65%
CPH-CHI,DK," 319,363 ",0.15%,49.80%
CPH-PSA,DK," 318,286 ",0.15%,49.94%
BLL-TCI,DK," 316,356 ",0.14%,50.09%
CPH-LAS,DK," 315,509 ",0.14%,50.23%
CPH-SPU,DK," 313,244 ",0.14%,50.38%
CPH-SOF,DK," 310,344 ",0.14%,50.52%
BLL-OSL,DK," 306,726 ",0.14%,50.66%
HAM-PMI,DK," 302,147 ",0.14%,50.80%
PAR-CPH,DK," 300,169 ",0.14%,50.93%
AAL-NYC,DK," 297,828 ",0.14%,51.07%
CPH-MEL,DK," 297,791 ",0.14%,51.20%
HAM-NYC,DK," 296,078 ",0.14%,51.34%
AAL-AYT,DK," 295,811 ",0.13%,51.47%
BLL-MIL,DK," 294,249 ",0.13%,51.61%
CPH-JNB,DK," 293,232 ",0.13%,51.74%
CPH-RIX,DK," 292,691 ",0.13%,51.88%
CPH-CHQ,DK," 289,655 ",0.13%,52.01%
CPH-CUN,DK," 288,689 ",0.13%,52.14%
CPH-AMM,DK," 287,215 ",0.13%,52.27%
CPH-KTM,DK," 275,380 ",0.13%,52.40%
HAM-BCN,DK," 272,834 ",0.12%,52.52%
BLL-STO,DK," 271,756 ",0.12%,52.64%
CPH-YVR,DK," 269,301 ",0.12%,52.77%
CPH-HER,DK," 267,350 ",0.12%,52.89%
BCN-CPH,DK," 262,751 ",0.12%,53.01%
CPH-TGD,DK," 262,636 ",0.12%,53.13%
CPH-SZG,DK," 261,716 ",0.12%,53.25%
CPH-GOI,DK," 260,002 ",0.12%,53.37%
BLL-LPA,DK," 259,640 ",0.12%,53.49%
BLL-BUD,DK," 258,938 ",0.12%,53.60%
CPH-FAE,DK," 252,982 ",0.12%,53.72%
CPH-BOS,DK," 252,305 ",0.12%,53.83%
BER-CPH,DK," 251,160 ",0.11%,53.95%
CPH-IEV,DK," 249,648 ",0.11%,54.06%
CPH-KRK,DK," 248,887 ",0.11%,54.18%
CPH-BOM,DK," 248,294 ",0.11%,54.29%
CPH-HNL,DK," 246,962 ",0.11%,54.40%
CPH-MEX,DK," 236,451 ",0.11%,54.51%
CPH-MLE,DK," 233,518 ",0.11%,54.62%
AAL-PAR,DK," 230,189 ",0.11%,54.72%
CPH-PMO,DK," 229,870 ",0.10%,54.83%
CPH-FAO,DK," 228,836 ",0.10%,54.93%
CPH-LCA,DK," 225,825 ",0.10%,55.03%
BLL-BER,DK," 225,372 ",0.10%,55.14%
BLL-VCE,DK," 223,299 ",0.10%,55.24%
CPH-VNO,DK," 221,954 ",0.10%,55.34%
CPH-DBV,DK," 221,589 ",0.10%,55.44%
CPH-NBO,DK," 219,453 ",0.10%,55.54%
CPH-SEA,DK," 216,644 ",0.10%,55.64%
KRP-CPH,DK," 214,709 ",0.10%,55.74%
CPH-SJO,DK," 214,500 ",0.10%,55.84%
BLL-DXB,DK," 209,309 ",0.10%,55.93%
BLL-BEY,DK," 208,642 ",0.10%,56.03%
BLL-SFO,DK," 208,116 ",0.09%,56.12%
CPH-SAO,DK," 208,066 ",0.09%,56.22%
BLL-ORL,DK," 207,513 ",0.09%,56.31%
BLL-NCE,DK," 207,030 ",0.09%,56.40%
CPH-RHO,DK," 204,844 ",0.09%,56.50%
CPH-FNC,DK," 203,857 ",0.09%,56.59%
CPH-SSH,DK," 200,443 ",0.09%,56.68%
CPH-CEB,DK," 199,640 ",0.09%,56.77%
HAM-DXB,DK," 199,384 ",0.09%,56.86%
CPH-MRS,DK," 198,242 ",0.09%,56.96%
CPH-SEL,DK," 195,921 ",0.09%,57.04%
NYC-CPH,DK," 194,347 ",0.09%,57.13%
CPH-NAP,DK," 192,379 ",0.09%,57.22%
AAR-CPH,DK," 190,311 ",0.09%,57.31%
CPH-CTA,DK," 189,885 ",0.09%,57.39%
BLL-CPH,DK," 188,723 ",0.09%,57.48%
CPH-INN,DK," 182,273 ",0.08%,57.56%
,DK," 180,775 ",0.08%,57.65%
CPH-DAR,DK," 180,361 ",0.08%,57.73%
IST-CPH,DK," 179,465 ",0.08%,57.81%
BLL-PRG,DK," 178,977 ",0.08%,57.89%
AAL-IST,DK," 178,912 ",0.08%,57.97%
CPH-LIM,DK," 177,004 ",0.08%,58.05%
BLL-SGN,DK," 176,627 ",0.08%,58.13%
AAL-AMS,DK," 176,538 ",0.08%,58.22%
CPH-RNN,DK," 175,396 ",0.08%,58.30%
HAM-PAR,DK," 175,392 ",0.08%,58.38%
AMS-CPH,DK," 175,243 ",0.08%,58.46%
CPH-BNE,DK," 174,967 ",0.08%,58.53%
HAM-ROM,DK," 174,391 ",0.08%,58.61%
CPH-BGO,DK," 174,330 ",0.08%,58.69%
CPH-OPO,DK," 172,494 ",0.08%,58.77%
CPH-GOH,DK," 172,240 ",0.08%,58.85%
CPH-BLQ,DK," 172,011 ",0.08%,58.93%
BLL-MNL,DK," 171,956 ",0.08%,59.01%
BLL-HKT,DK," 171,874 ",0.08%,59.09%
AAR-AGP,DK," 170,743 ",0.08%,59.16%
CPH-QUF,DK," 169,138 ",0.08%,59.24%
ROM-CPH,DK," 167,720 ",0.08%,59.32%
AAL-LAX,DK," 165,584 ",0.08%,59.39%
CPH-STR,DK," 165,175 ",0.08%,59.47%
CPH-SCL,DK," 164,643 ",0.08%,59.54%
BLL-REK,DK," 163,780 ",0.07%,59.62%
BEG-CPH,DK," 163,725 ",0.07%,59.69%
CPH-BHX,DK," 162,984 ",0.07%,59.77%
CPH-BOJ,DK," 161,946 ",0.07%,59.84%
CPH-JKT,DK," 161,702 ",0.07%,59.92%
BLL-LIS,DK," 160,861 ",0.07%,59.99%
AAL-ROM,DK," 160,679 ",0.07%,60.06%
CPH-MRU,DK," 160,335 ",0.07%,60.14%
CPH-SKG,DK," 158,399 ",0.07%,60.21%
CPH-EAP,DK," 157,540 ",0.07%,60.28%
BLL-FRA,DK," 157,199 ",0.07%,60.35%
CPH-DOH,DK," 156,964 ",0.07%,60.42%
BLL-MAD,DK," 154,683 ",0.07%,60.49%
BLL-MAN,DK," 154,669 ",0.07%,60.56%
BEY-CPH,DK," 153,734 ",0.07%,60.63%
MIL-CPH,DK," 153,653 ",0.07%,60.70%
LON-BLL,DK," 153,379 ",0.07%,60.77%
CPH-ASR,DK," 152,924 ",0.07%,60.84%
HAM-IST,DK," 152,742 ",0.07%,60.91%
MNL-CPH,DK," 152,257 ",0.07%,60.98%
HAM-ALC,DK," 151,996 ",0.07%,61.05%
CPH-ACE,DK," 151,207 ",0.07%,61.12%
MAD-CPH,DK," 150,889 ",0.07%,61.19%
BLL-BRU,DK," 150,690 ",0.07%,61.26%
CPH-JTR,DK," 149,545 ",0.07%,61.33%
CPH-TUN,DK," 148,578 ",0.07%,61.39%
CPH-KRP,DK," 148,320 ",0.07%,61.46%
BLL-MLA,DK," 147,533 ",0.07%,61.53%
CPH-HRG,DK," 146,023 ",0.07%,61.60%
OSL-NYC,DK," 145,286 ",0.07%,61.66%
BLL-MUC,DK," 144,995 ",0.07%,61.73%
HAM-MIA,DK," 142,440 ",0.06%,61.79%
OSL-CPH,DK," 141,614 ",0.06%,61.86%
CPH-IBZ,DK," 141,346 ",0.06%,61.92%
HAM-LPA,DK," 140,823 ",0.06%,61.99%
CPH-AGA,DK," 140,490 ",0.06%,62.05%
CPH-DEN,DK," 139,318 ",0.06%,62.11%
CPH-BLL,DK," 138,332 ",0.06%,62.18%
BRU-CPH,DK," 136,427 ",0.06%,62.24%
BLL-CHQ,DK," 136,347 ",0.06%,62.30%
CPH-EBB,DK," 134,001 ",0.06%,62.36%
CPH-AUH,DK," 133,565 ",0.06%,62.42%
CPH-VLC,DK," 130,612 ",0.06%,62.48%
CPH-SAN,DK," 128,992 ",0.06%,62.54%
BLL-ATH,DK," 128,668 ",0.06%,62.60%
CPH-HOU,DK," 127,304 ",0.06%,62.66%
AAL-BER,DK," 127,058 ",0.06%,62.72%
CPH-AAR,DK," 126,941 ",0.06%,62.78%
CPH-ATL,DK," 125,601 ",0.06%,62.83%
NCE-CPH,DK," 125,436 ",0.06%,62.89%
BLL-FAO,DK," 125,033 ",0.06%,62.95%
HAM-LON,DK," 124,553 ",0.06%,63.00%
AAL-PMI,DK," 124,127 ",0.06%,63.06%
ATH-CPH,DK," 124,063 ",0.06%,63.12%
HAM-NCE,DK," 122,835 ",0.06%,63.17%
STO-CPH,DK," 122,751 ",0.06%,63.23%
CPH-LUX,DK," 122,497 ",0.06%,63.28%
CPH-LED,DK," 122,403 ",0.06%,63.34%
BLL-PSA,DK," 122,309 ",0.06%,63.40%
CPH-ZNZ,DK," 120,882 ",0.06%,63.45%
CPH-FUE,DK," 120,840 ",0.06%,63.51%
BLL-DUB,DK," 119,963 ",0.05%,63.56%
HAM-LIS,DK," 119,039 ",0.05%,63.62%
CPH-PER,DK," 117,581 ",0.05%,63.67%
AAL-OSL,DK," 117,065 ",0.05%,63.72%
AAL-ALC,DK," 115,171 ",0.05%,63.78%
CPH-EBL,DK," 115,044 ",0.05%,63.83%
GVA-CPH,DK," 114,474 ",0.05%,63.88%
AAL-LPA,DK," 114,297 ",0.05%,63.93%
CPH-DLM,DK," 114,130 ",0.05%,63.98%
AAL-STO,DK," 114,029 ",0.05%,64.04%
HAM-HKT,DK," 113,940 ",0.05%,64.09%
CPH-SVG,DK," 113,065 ",0.05%,64.14%
HAM-TCI,DK," 112,665 ",0.05%,64.19%
AYT-CPH,DK," 112,545 ",0.05%,64.24%
BLL-EDI,DK," 112,364 ",0.05%,64.29%
CPH-TNG,DK," 112,036 ",0.05%,64.34%
CPH-BOG,DK," 111,172 ",0.05%,64.40%
HAM-MIL,DK," 110,072 ",0.05%,64.45%
CPH-BXN,DK," 110,028 ",0.05%,64.50%
CPH-TRD,DK," 109,400 ",0.05%,64.55%
CPH-LJU,DK," 108,907 ",0.05%,64.60%
CPH-VRN,DK," 108,632 ",0.05%,64.65%
CPH-MAA,DK," 107,121 ",0.05%,64.69%
BLL-ZAD,DK," 106,039 ",0.05%,64.74%
BLL-IEV,DK," 105,414 ",0.05%,64.79%
CPH-PNH,DK," 105,355 ",0.05%,64.84%
CPH-KGS,DK," 105,119 ",0.05%,64.89%
BLL-BUH,DK," 105,106 ",0.05%,64.93%
BLL-GRO,DK," 105,025 ",0.05%,64.98%
REK-CPH,DK," 104,978 ",0.05%,65.03%
CPH-TLS,DK," 104,862 ",0.05%,65.08%
CPH-MPL,DK," 104,101 ",0.05%,65.13%
CPH-ACC,DK," 103,865 ",0.05%,65.17%
CPH-BIO,DK," 103,110 ",0.05%,65.22%
CPH-CAN,DK," 103,068 ",0.05%,65.27%
CPH-SVQ,DK," 101,449 ",0.05%,65.31%
CPH-ISB,DK," 101,293 ",0.05%,65.36%
ALC-CPH,DK," 101,054 ",0.05%,65.41%
CPH-GLA,DK," 100,539 ",0.05%,65.45%
BLL-FAE,DK," 99,602 ",0.05%,65.50%
LAX-CPH,DK," 97,811 ",0.04%,65.54%
BUH-CPH,DK," 97,056 ",0.04%,65.59%
HAM-LAX,DK," 96,937 ",0.04%,65.63%
CPH-CNX,DK," 96,703 ",0.04%,65.67%
VIE-CPH,DK," 96,186 ",0.04%,65.72%
CPH-LPL,DK," 95,980 ",0.04%,65.76%
CPH-YMQ,DK," 95,646 ",0.04%,65.81%
PMI-CPH,DK," 94,141 ",0.04%,65.85%
MMA-SKP,DK," 93,316 ",0.04%,65.89%
BLL-YTO,DK," 93,105 ",0.04%,65.93%
BLL-VIE,DK," 92,499 ",0.04%,65.98%
CPH-PUY,DK," 92,394 ",0.04%,66.02%
CPH-SXB,DK," 92,191 ",0.04%,66.06%
AAL-NCE,DK," 91,202 ",0.04%,66.10%
CPH-TIA,DK," 91,049 ",0.04%,66.14%
,DK," 90,987 ",0.04%,66.18%
AAL-MIA,DK," 90,736 ",0.04%,66.23%
HAM-CMB,DK," 89,923 ",0.04%,66.27%
BKK-USM,DK," 89,117 ",0.04%,66.31%
AAL-DXB,DK," 88,846 ",0.04%,66.35%
BLL-ZRH,DK," 88,042 ",0.04%,66.39%
CPH-YYC,DK," 87,809 ",0.04%,66.43%
CPH-DAL,DK," 87,677 ",0.04%,66.47%
CPH-CGN,DK," 87,000 ",0.04%,66.51%
LIS-CPH,DK," 86,661 ",0.04%,66.55%
AAL-SGN,DK," 86,015 ",0.04%,66.59%
MUC-CPH,DK," 85,752 ",0.04%,66.63%
BLL-RIX,DK," 85,507 ",0.04%,66.66%
BLL-HER,DK," 85,430 ",0.04%,66.70%
AAR-STO,DK," 85,377 ",0.04%,66.74%
CPH-ADD,DK," 84,568 ",0.04%,66.78%
BLL-DPS,DK," 84,322 ",0.04%,66.82%
AAL-BEY,DK," 83,990 ",0.04%,66.86%
AAL-SFO,DK," 82,878 ",0.04%,66.90%
BLL-SYD,DK," 82,150 ",0.04%,66.93%
CPH-KWI,DK," 82,137 ",0.04%,66.97%
CPH-BRS,DK," 82,064 ",0.04%,67.01%
BKK-HKT,DK," 81,953 ",0.04%,67.05%
BLL-SZG,DK," 81,927 ",0.04%,67.08%
BLL-CMB,DK," 81,483 ",0.04%,67.12%
BLL-YVR,DK," 81,239 ",0.04%,67.16%
PRG-CPH,DK," 81,122 ",0.04%,67.19%
CPH-SEZ,DK," 80,970 ",0.04%,67.23%
BLL-AHO,DK," 80,856 ",0.04%,67.27%
THR-CPH,DK," 80,198 ",0.04%,67.30%
AGP-BLL,DK," 80,054 ",0.04%,67.34%
CPH-HYD,DK," 79,957 ",0.04%,67.38%
HAM-ATH,DK," 79,642 ",0.04%,67.41%
ZRH-CPH,DK," 79,481 ",0.04%,67.45%
HAM-SGN,DK," 79,461 ",0.04%,67.49%
CPH-GDN,DK," 78,881 ",0.04%,67.52%
MAN-CPH,DK," 78,718 ",0.04%,67.56%
DXB-CPH,DK," 78,691 ",0.04%,67.59%
AAR-BCN,DK," 78,595 ",0.04%,67.63%
BLL-FLR,DK," 77,749 ",0.04%,67.67%
CPH-DAC,DK," 76,716 ",0.03%,67.70%
CPH-EIN,DK," 76,511 ",0.03%,67.74%
BLL-VNO,DK," 76,425 ",0.03%,67.77%
CPH-TPE,DK," 76,391 ",0.03%,67.81%
CPH-ALG,DK," 75,793 ",0.03%,67.84%
AAR-PAR,DK," 75,208 ",0.03%,67.87%
BLL-LAS,DK," 74,881 ",0.03%,67.91%
CPH-MSP,DK," 74,860 ",0.03%,67.94%
BJS-CPH,DK," 74,393 ",0.03%,67.98%
FRA-CPH,DK," 74,292 ",0.03%,68.01%
HAM-MAD,DK," 74,116 ",0.03%,68.04%
BLL-SIN,DK," 73,783 ",0.03%,68.08%
TLV-CPH,DK," 73,777 ",0.03%,68.11%
WAW-CPH,DK," 73,125 ",0.03%,68.14%
AAR-OSL,DK," 72,985 ",0.03%,68.18%
BLL-CHI,DK," 72,937 ",0.03%,68.21%
SJJ-CPH,DK," 72,787 ",0.03%,68.24%
CPH-TOS,DK," 72,507 ",0.03%,68.28%
BUD-CPH,DK," 72,443 ",0.03%,68.31%
AAL-HKT,DK," 72,268 ",0.03%,68.34%
FAE-CPH,DK," 72,079 ",0.03%,68.38%
CPH-KBL,DK," 71,860 ",0.03%,68.41%
AAL-ORL,DK," 71,817 ",0.03%,68.44%
CPH-LHE,DK," 71,442 ",0.03%,68.47%
CPH-CFU,DK," 71,416 ",0.03%,68.51%
BLL-HAV,DK," 71,319 ",0.03%,68.54%
LON-NYC,DK," 71,130 ",0.03%,68.57%
HAM-VCE,DK," 70,858 ",0.03%,68.60%
CPH-BIQ,DK," 70,823 ",0.03%,68.64%
OSL-BLL,DK," 70,785 ",0.03%,68.67%
CPH-PHX,DK," 70,630 ",0.03%,68.70%
CPH-SDQ,DK," 70,484 ",0.03%,68.73%
BLL-FLL,DK," 70,280 ",0.03%,68.77%
AAL-LIS,DK," 69,886 ",0.03%,68.80%
CPH-BOD,DK," 69,542 ",0.03%,68.83%
DUS-CPH,DK," 69,537 ",0.03%,68.86%
HAM-KUL,DK," 69,465 ",0.03%,68.89%
CPH-PTY,DK," 68,910 ",0.03%,68.92%
HEL-CPH,DK," 68,865 ",0.03%,68.96%
CPH-BJL,DK," 68,844 ",0.03%,68.99%
AAL-TCI,DK," 68,671 ",0.03%,69.02%
AAR-PMI,DK," 68,516 ",0.03%,69.05%
AAL-PRG,DK," 68,358 ",0.03%,69.08%
CPH-AHO,DK," 68,043 ",0.03%,69.11%
BLL-ASR,DK," 68,019 ",0.03%,69.14%
DUB-CPH,DK," 67,672 ",0.03%,69.17%
BLL-DUS,DK," 67,092 ",0.03%,69.20%
CPH-CHC,DK," 67,003 ",0.03%,69.23%
HAM-MUC,DK," 66,840 ",0.03%,69.26%
MOW-SIP,DK," 66,772 ",0.03%,69.30%
CPH-KTW,DK," 66,723 ",0.03%,69.33%
CPH-GUA,DK," 66,640 ",0.03%,69.36%
VCE-CPH,DK," 66,345 ",0.03%,69.39%
CPH-TBS,DK," 65,980 ",0.03%,69.42%
SOF-CPH,DK," 65,481 ",0.03%,69.45%
CPH-BLR,DK," 65,429 ",0.03%,69.48%
HAM-MAN,DK," 65,119 ",0.03%,69.51%
HAM-BEY,DK," 64,829 ",0.03%,69.54%
CPH-TPA,DK," 64,768 ",0.03%,69.57%
BLL-INN,DK," 64,634 ",0.03%,69.59%
CPH-CAG,DK," 64,353 ",0.03%,69.62%
CPH-MHD,DK," 64,212 ",0.03%,69.65%
BLL-IZM,DK," 63,975 ",0.03%,69.68%
LPA-CPH,DK," 63,909 ",0.03%,69.71%
BLL-SHA,DK," 63,866 ",0.03%,69.74%
STO-BKK,DK," 63,441 ",0.03%,69.77%
CPH-TRN,DK," 63,339 ",0.03%,69.80%
AAR-BER,DK," 62,607 ",0.03%,69.83%
PAR-BLL,DK," 62,562 ",0.03%,69.86%
BLL-JNB,DK," 62,353 ",0.03%,69.88%
AAL-MIL,DK," 62,297 ",0.03%,69.91%
BLL-ANK,DK," 61,955 ",0.03%,69.94%
CPH-RGN,DK," 61,764 ",0.03%,69.97%
CPH-ABZ,DK," 61,752 ",0.03%,70.00%
BLL-TLV,DK," 61,695 ",0.03%,70.03%
BLL-CCF,DK," 61,654 ",0.03%,70.05%
HAM-SIN,DK," 61,384 ",0.03%,70.08%
IEV-CPH,DK," 61,028 ",0.03%,70.11%
CPH-UIO,DK," 60,492 ",0.03%,70.14%
BLL-LYS,DK," 60,418 ",0.03%,70.16%
AAL-MAD,DK," 60,022 ",0.03%,70.19%
CPH-KIV,DK," 59,964 ",0.03%,70.22%
BLL-TYO,DK," 59,561 ",0.03%,70.25%
CPH-JRO,DK," 59,351 ",0.03%,70.27%
EDI-CPH,DK," 59,281 ",0.03%,70.30%
CPH-NCL,DK," 59,215 ",0.03%,70.33%
LON-AAR,DK," 59,182 ",0.03%,70.35%
HAM-SZG,DK," 59,170 ",0.03%,70.38%
,DK," 58,885 ",0.03%,70.41%
HAM-DPS,DK," 58,796 ",0.03%,70.44%
HAM-ORL,DK," 58,684 ",0.03%,70.46%
BLL-BGO,DK," 58,356 ",0.03%,70.49%
BLL-KRK,DK," 58,254 ",0.03%,70.52%
CPH-VAR,DK," 58,128 ",0.03%,70.54%
MOW-CPH,DK," 57,370 ",0.03%,70.57%
BLL-HEL,DK," 57,316 ",0.03%,70.59%
CPH-MGA,DK," 57,296 ",0.03%,70.62%
CPH-SJU,DK," 57,187 ",0.03%,70.65%
BLL-KUL,DK," 57,137 ",0.03%,70.67%
BLL-HKG,DK," 56,958 ",0.03%,70.70%
CPH-OLB,DK," 56,844 ",0.03%,70.72%
BKK-KBV,DK," 56,519 ",0.03%,70.75%
AAL-MAN,DK," 56,461 ",0.03%,70.78%
SFO-CPH,DK," 56,331 ",0.03%,70.80%
CPH-WRO,DK," 56,058 ",0.03%,70.83%
BLL-SOF,DK," 56,048 ",0.03%,70.85%
CPH-PUJ,DK," 55,809 ",0.03%,70.88%
SIN-DPS,DK," 55,685 ",0.03%,70.90%
BLL-THR,DK," 55,647 ",0.03%,70.93%
HAM-SFO,DK," 55,381 ",0.03%,70.95%
SIN-CPH,DK," 55,380 ",0.03%,70.98%
BLL-SEA,DK," 55,323 ",0.03%,71.00%
BLL-CFU,DK," 55,128 ",0.03%,71.03%
CPH-GOT,DK," 55,072 ",0.03%,71.05%
BLL-GVA,DK," 55,046 ",0.03%,71.08%
CPH-MSY,DK," 54,830 ",0.03%,71.10%
HAM-CPH,DK," 54,811 ",0.03%,71.13%
HAM-IZM,DK," 54,770 ",0.02%,71.15%
HAM-MNL,DK," 54,755 ",0.02%,71.18%
CPH-FOC,DK," 54,459 ",0.02%,71.20%
HAM-SYD,DK," 54,078 ",0.02%,71.23%
CPH-PDX,DK," 53,776 ",0.02%,71.25%
CPH-DTT,DK," 53,445 ",0.02%,71.28%
CPH-HAJ,DK," 53,248 ",0.02%,71.30%
CPH-MJT,DK," 52,984 ",0.02%,71.33%
CPH-BTS,DK," 52,968 ",0.02%,71.35%
CPH-BGI,DK," 52,950 ",0.02%,71.37%
CPH-KIN,DK," 52,773 ",0.02%,71.40%
AAL-BUH,DK," 52,614 ",0.02%,71.42%
BLL-BJS,DK," 52,505 ",0.02%,71.45%
BLL-BOS,DK," 52,395 ",0.02%,71.47%
CPH-GOA,DK," 52,367 ",0.02%,71.49%
NYC-MIA,DK," 52,318 ",0.02%,71.52%
BLL-SPU,DK," 52,281 ",0.02%,71.54%
CPH-BOB,DK," 52,264 ",0.02%,71.57%
BLL-WAS,DK," 52,045 ",0.02%,71.59%
CPH-YEA,DK," 51,939 ",0.02%,71.61%
CPH-EVN,DK," 51,824 ",0.02%,71.64%
HAM-VIE,DK," 51,784 ",0.02%,71.66%
AAL-MNL,DK," 51,727 ",0.02%,71.68%
BLL-IAS,DK," 51,634 ",0.02%,71.71%
CPH-BIA,DK," 51,390 ",0.02%,71.73%
NYC-LAX,DK," 51,370 ",0.02%,71.76%
AAL-BUD,DK," 51,309 ",0.02%,71.78%
SGN-CPH,DK," 51,117 ",0.02%,71.80%
CPH-MCT,DK," 50,972 ",0.02%,71.83%
BLL-RHO,DK," 50,854 ",0.02%,71.85%
STO-LON,DK," 50,706 ",0.02%,71.87%
SHA-CPH,DK," 50,661 ",0.02%,71.89%
SKP-CPH,DK," 50,560 ",0.02%,71.92%
AAL-BRU,DK," 49,557 ",0.02%,71.94%
CPH-BAJ,DK," 49,489 ",0.02%,71.96%
BLL-BOJ,DK," 49,281 ",0.02%,71.99%
LON-AAL,DK," 49,089 ",0.02%,72.01%
BLL-LCA,DK," 48,554 ",0.02%,72.03%
ZAG-CPH,DK," 48,551 ",0.02%,72.05%
CPH-MSQ,DK," 48,224 ",0.02%,72.07%
BLL-AKL,DK," 47,991 ",0.02%,72.10%
CPH-NUE,DK," 47,762 ",0.02%,72.12%
CPH-SID,DK," 47,753 ",0.02%,72.14%
BLL-SVG,DK," 47,731 ",0.02%,72.16%
AAL-VCE,DK," 47,723 ",0.02%,72.18%
CPH-OSA,DK," 47,558 ",0.02%,72.20%
VNO-CPH,DK," 47,534 ",0.02%,72.23%
SYD-CPH,DK," 47,399 ",0.02%,72.25%
MMA-TZL,DK," 47,350 ",0.02%,72.27%
BKK-BLL,DK," 47,202 ",0.02%,72.29%
CPH-STT,DK," 47,006 ",0.02%,72.31%
BLL-RIO,DK," 46,885 ",0.02%,72.33%
CPH-NAS,DK," 46,862 ",0.02%,72.36%
CPH-BRI,DK," 46,834 ",0.02%,72.38%
,DK," 46,735 ",0.02%,72.40%
CPH-POZ,DK," 46,685 ",0.02%,72.42%
CPH-TRV,DK," 46,456 ",0.02%,72.44%
CPH-ADA,DK," 46,415 ",0.02%,72.46%
CPH-SGD,DK," 46,382 ",0.02%,72.48%
AAL-DUB,DK," 46,373 ",0.02%,72.50%
BLL-HRG,DK," 46,185 ",0.02%,72.52%
AAR-BKK,DK," 46,162 ",0.02%,72.55%
MMA-BUD,DK," 46,161 ",0.02%,72.57%
CPH-ADL,DK," 46,074 ",0.02%,72.59%
HKG-CPH,DK," 46,038 ",0.02%,72.61%
AAL-ATH,DK," 45,892 ",0.02%,72.63%
CPH-SMI,DK," 45,736 ",0.02%,72.65%
MMA-BEG,DK," 45,725 ",0.02%,72.67%
ANK-CPH,DK," 45,725 ",0.02%,72.69%
CPH-FMY,DK," 45,682 ",0.02%,72.71%
BLL-BHX,DK," 45,608 ",0.02%,72.73%
AYT-BLL,DK," 45,570 ",0.02%,72.76%
HAM-PRG,DK," 45,558 ",0.02%,72.78%
AAL-MUC,DK," 45,239 ",0.02%,72.80%
BLL-CPT,DK," 45,198 ",0.02%,72.82%
CPH-ODS,DK," 45,086 ",0.02%,72.84%
CPH-PDL,DK," 45,003 ",0.02%,72.86%
HAM-HAV,DK," 44,871 ",0.02%,72.88%
AAL-VIE,DK," 44,848 ",0.02%,72.90%
CPH-HHQ,DK," 44,838 ",0.02%,72.92%
BLL-SJJ,DK," 44,781 ",0.02%,72.94%
BLL-DEL,DK," 44,648 ",0.02%,72.96%
BLL-NBO,DK," 44,403 ",0.02%,72.98%
CPH-GRO,DK," 44,211 ",0.02%,73.00%
AYT-HAM,DK," 44,096 ",0.02%,73.02%
HAM-HER,DK," 44,094 ",0.02%,73.04%
CPH-BJH,DK," 43,975 ",0.02%,73.06%
RIX-CPH,DK," 43,870 ",0.02%,73.08%
MMA-AGP,DK," 43,870 ",0.02%,73.10%
BLL-OPO,DK," 43,862 ",0.02%,73.12%
MIA-CPH,DK," 43,346 ",0.02%,73.14%
KYA-CPH,DK," 43,303 ",0.02%,73.16%
ALC-BLL,DK," 43,015 ",0.02%,73.18%
CPH-SLC,DK," 43,002 ",0.02%,73.20%
CPH-OUD,DK," 42,684 ",0.02%,73.22%
CPH-COK,DK," 42,604 ",0.02%,73.24%
OSL-BKK,DK," 42,495 ",0.02%,73.26%
CPH-BGW,DK," 42,495 ",0.02%,73.28%
CPH-TIV,DK," 42,485 ",0.02%,73.30%
CPH-MLN,DK," 42,484 ",0.02%,73.32%
BLL-WAW,DK," 42,435 ",0.02%,73.34%
BLL-FNC,DK," 42,365 ",0.02%,73.35%
PRN-CPH,DK," 42,357 ",0.02%,73.37%
HAM-FAO,DK," 42,182 ",0.02%,73.39%
HKT-CPH,DK," 42,142 ",0.02%,73.41%
CPH-RBA,DK," 42,083 ",0.02%,73.43%
CPH-LOS,DK," 41,892 ",0.02%,73.45%
HAM-ANK,DK," 41,807 ",0.02%,73.47%
AAR-ROM,DK," 41,743 ",0.02%,73.49%
BLL-HAN,DK," 41,706 ",0.02%,73.51%
AMS-BLL,DK," 41,502 ",0.02%,73.53%
BLL-RAK,DK," 41,447 ",0.02%,73.55%
BLL-ACE,DK," 41,376 ",0.02%,73.56%
BLL-VRN,DK," 41,341 ",0.02%,73.58%
CPH-MBA,DK," 41,124 ",0.02%,73.60%
CPH-KRS,DK," 41,120 ",0.02%,73.62%
BLL-HNL,DK," 41,081 ",0.02%,73.64%
AAL-FRA,DK," 41,005 ",0.02%,73.66%
HAM-BUD,DK," 40,956 ",0.02%,73.68%
BLL-USM,DK," 40,938 ",0.02%,73.70%
BLL-HOU,DK," 40,902 ",0.02%,73.71%
BLL-CEB,DK," 40,892 ",0.02%,73.73%
LON-BKK,DK," 40,840 ",0.02%,73.75%
IZM-CPH,DK," 40,810 ",0.02%,73.77%
CPH-CCS,DK," 40,776 ",0.02%,73.79%
BLL-YYC,DK," 40,483 ",0.02%,73.81%
LAX-HNL,DK," 40,474 ",0.02%,73.83%
BLL-MRS,DK," 40,055 ",0.02%,73.84%
AAR-AMS,DK," 39,999 ",0.02%,73.86%
BLL-ZAG,DK," 39,908 ",0.02%,73.88%
AAL-FLL,DK," 39,478 ",0.02%,73.90%
BLL-FUE,DK," 39,349 ",0.02%,73.92%
HAM-PSA,DK," 39,091 ",0.02%,73.93%
CPH-NAN,DK," 38,982 ",0.02%,73.95%
CPH-AUS,DK," 38,711 ",0.02%,73.97%
AAL-REK,DK," 38,620 ",0.02%,73.99%
RIO-CPH,DK," 38,460 ",0.02%,74.01%
HAM-ZRH,DK," 38,334 ",0.02%,74.02%
BLL-SSH,DK," 38,265 ",0.02%,74.04%
BLL-DEN,DK," 38,113 ",0.02%,74.06%
CPH-ZAD,DK," 37,917 ",0.02%,74.07%
AAR-ALC,DK," 37,835 ",0.02%,74.09%
BLL-RNN,DK," 37,620 ",0.02%,74.11%
MOW-BCN,DK," 37,388 ",0.02%,74.13%
CPH-LWO,DK," 37,223 ",0.02%,74.14%
BGO-CPH,DK," 37,156 ",0.02%,74.16%
CPH-TNR,DK," 36,988 ",0.02%,74.18%
MOW-AER,DK," 36,931 ",0.02%,74.19%
TCI-CPH,DK," 36,876 ",0.02%,74.21%
AAL-THR,DK," 36,751 ",0.02%,74.23%
CPH-NDR,DK," 36,724 ",0.02%,74.24%
FLR-CPH,DK," 36,467 ",0.02%,74.26%
SGD-CPH,DK," 36,437 ",0.02%,74.28%
CAS-CPH,DK," 36,422 ",0.02%,74.29%
IST-BLL,DK," 36,378 ",0.02%,74.31%
BLL-PMO,DK," 36,317 ",0.02%,74.33%
TGD-CPH,DK," 36,226 ",0.02%,74.34%
BLL-MEX,DK," 36,185 ",0.02%,74.36%
BLL-ATL,DK," 36,147 ",0.02%,74.38%
BLL-DLM,DK," 36,132 ",0.02%,74.39%
BLL-TUN,DK," 36,020 ",0.02%,74.41%
CPH-SSA,DK," 35,925 ",0.02%,74.43%
BLL-CUN,DK," 35,842 ",0.02%,74.44%
AAL-EDI,DK," 35,835 ",0.02%,74.46%
CPH-BKI,DK," 35,712 ",0.02%,74.48%
BLL-DAL,DK," 35,706 ",0.02%,74.49%
BKK-DPS,DK," 35,616 ",0.02%,74.51%
BKK-CNX,DK," 35,593 ",0.02%,74.52%
CAI-CPH,DK," 35,536 ",0.02%,74.54%
RNN-CPH,DK," 35,438 ",0.02%,74.56%
HAM-PRN,DK," 35,411 ",0.02%,74.57%
HAM-HRG,DK," 35,387 ",0.02%,74.59%
AAL-CMB,DK," 35,296 ",0.02%,74.60%
HKT-BKK,DK," 35,194 ",0.02%,74.62%
CPH-LYR,DK," 35,167 ",0.02%,74.64%
BLL-GOI,DK," 35,059 ",0.02%,74.65%
AAL-ASR,DK," 34,952 ",0.02%,74.67%
CPH-KRN,DK," 34,876 ",0.02%,74.68%
CPH-RTM,DK," 34,821 ",0.02%,74.70%
HAM-MLA,DK," 34,568 ",0.02%,74.72%
BLL-CAI,DK," 34,501 ",0.02%,74.73%
CPH-GZT,DK," 34,493 ",0.02%,74.75%
DEL-CPH,DK," 34,417 ",0.02%,74.76%
CPH-WLG,DK," 34,296 ",0.02%,74.78%
SPU-CPH,DK," 34,240 ",0.02%,74.79%
MOW-BKK,DK," 34,173 ",0.02%,74.81%
BLL-QUF,DK," 34,070 ",0.02%,74.83%
HAM-SPU,DK," 34,060 ",0.02%,74.84%
CPH-CNS,DK," 33,985 ",0.02%,74.86%
BLL-GLA,DK," 33,766 ",0.02%,74.87%
BLL-HAM,DK," 33,747 ",0.02%,74.89%
AAR-NYC,DK," 33,683 ",0.02%,74.90%
CPH-ISU,DK," 33,608 ",0.02%,74.92%
BCN-BLL,DK," 33,452 ",0.02%,74.93%
BLL-NAP,DK," 33,442 ",0.02%,74.95%
KRP-LON,DK," 33,231 ",0.02%,74.96%
CPH-DVO,DK," 33,223 ",0.02%,74.98%
RAK-CPH,DK," 33,130 ",0.02%,74.99%
FRA-BKK,DK," 32,909 ",0.02%,75.01%
BLL-BUE,DK," 32,885 ",0.02%,75.02%
CPH-UTH,DK," 32,861 ",0.01%,75.04%
HAM-FUE,DK," 32,765 ",0.01%,75.05%
CPH-PLQ,DK," 32,593 ",0.01%,75.07%
BLL-MEL,DK," 32,541 ",0.01%,75.08%
MMA-STO,DK," 32,497 ",0.01%,75.10%
BUE-CPH,DK," 32,475 ",0.01%,75.11%
CPH-FOR,DK," 32,319 ",0.01%,75.13%
CPH-SYZ,DK," 32,271 ",0.01%,75.14%
AAL-FAE,DK," 32,259 ",0.01%,75.16%
HAM-ACE,DK," 32,226 ",0.01%,75.17%
CPH-AUA,DK," 32,172 ",0.01%,75.19%
CPH-CLT,DK," 32,154 ",0.01%,75.20%
CPH-MAH,DK," 32,058 ",0.01%,75.22%
OSL-AAL,DK," 31,941 ",0.01%,75.23%
DBV-CPH,DK," 31,932 ",0.01%,75.25%
HAM-GVA,DK," 31,599 ",0.01%,75.26%
BLL-BXN,DK," 31,545 ",0.01%,75.27%
AAL-SIN,DK," 31,540 ",0.01%,75.29%
CPH-SFJ,DK," 31,434 ",0.01%,75.30%
STO-NYC,DK," 31,336 ",0.01%,75.32%
AAL-SYD,DK," 31,328 ",0.01%,75.33%
NYC-SFO,DK," 31,263 ",0.01%,75.35%
FLL-CPH,DK," 31,255 ",0.01%,75.36%
CPH-ALY,DK," 31,236 ",0.01%,75.37%
LON-PAR,DK," 31,140 ",0.01%,75.39%
BLL-KBV,DK," 31,100 ",0.01%,75.40%
DPS-CPH,DK," 31,001 ",0.01%,75.42%
STO-IST,DK," 30,979 ",0.01%,75.43%
YTO-CPH,DK," 30,930 ",0.01%,75.45%
CPH-JMK,DK," 30,861 ",0.01%,75.46%
HAM-THR,DK," 30,849 ",0.01%,75.47%
AGP-AAL,DK," 30,847 ",0.01%,75.49%
SKG-CPH,DK," 30,805 ",0.01%,75.50%
AAL-ZRH,DK," 30,706 ",0.01%,75.52%
AAL-HEL,DK," 30,688 ",0.01%,75.53%
CPH-REC,DK," 30,678 ",0.01%,75.54%
CPH-TAB,DK," 30,664 ",0.01%,75.56%
CPH-LPB,DK," 30,641 ",0.01%,75.57%
HAM-OPO,DK," 30,583 ",0.01%,75.59%
IEV-BLL,DK," 30,434 ",0.01%,75.60%
MIL-BLL,DK," 30,426 ",0.01%,75.61%
BLL-LIM,DK," 30,391 ",0.01%,75.63%
ROM-BLL,DK," 30,336 ",0.01%,75.64%
CPH-STX,DK," 30,301 ",0.01%,75.65%
CPH-JAV,DK," 30,157 ",0.01%,75.67%
HAM-KBL,DK," 30,115 ",0.01%,75.68%
HAM-AKL,DK," 30,100 ",0.01%,75.70%
CPH-VAS,DK," 30,059 ",0.01%,75.71%
KUL-CPH,DK," 30,019 ",0.01%,75.72%
SCQ-CPH,DK," 29,996 ",0.01%,75.74%
OSL-LON,DK," 29,934 ",0.01%,75.75%
CPH-LBA,DK," 29,913 ",0.01%,75.76%
HAM-NAP,DK," 29,736 ",0.01%,75.78%
CPH-MGQ,DK," 29,689 ",0.01%,75.79%
LAX-NYC,DK," 29,680 ",0.01%,75.81%
HAM-CTA,DK," 29,535 ",0.01%,75.82%
BLL-SJO,DK," 29,425 ",0.01%,75.83%
HAM-AMS,DK," 29,242 ",0.01%,75.85%
AAL-TLV,DK," 29,239 ",0.01%,75.86%
CPH-BNA,DK," 29,173 ",0.01%,75.87%
SAO-CPH,DK," 29,082 ",0.01%,75.89%
MMA-LON,DK," 28,998 ",0.01%,75.90%
CPH-JSI,DK," 28,983 ",0.01%,75.91%
IST-AYT,DK," 28,924 ",0.01%,75.92%
CPH-MPM,DK," 28,863 ",0.01%,75.94%
AAL-KUL,DK," 28,852 ",0.01%,75.95%
HAM-JNB,DK," 28,851 ",0.01%,75.96%
STO-BLL,DK," 28,835 ",0.01%,75.98%
FRA-BLL,DK," 28,796 ",0.01%,75.99%
CPH-NCP,DK," 28,793 ",0.01%,76.00%
BLL-BEG,DK," 28,767 ",0.01%,76.02%
BHX-CPH,DK," 28,631 ",0.01%,76.03%
BLL-BLQ,DK," 28,600 ",0.01%,76.04%
STO-BCN,DK," 28,554 ",0.01%,76.06%
CPH-SCQ,DK," 28,353 ",0.01%,76.07%
CPH-AES,DK," 28,341 ",0.01%,76.08%
SVG-CPH,DK," 28,321 ",0.01%,76.09%
BKK-AAL,DK," 28,267 ",0.01%,76.11%
BLL-LPL,DK," 28,207 ",0.01%,76.12%
MMA-SOF,DK," 28,198 ",0.01%,76.13%
CPH-GRX,DK," 28,171 ",0.01%,76.15%
MEL-CPH,DK," 28,139 ",0.01%,76.16%
HAM-CPT,DK," 28,054 ",0.01%,76.17%
HAM-MLE,DK," 28,043 ",0.01%,76.18%
WAS-CPH,DK," 28,037 ",0.01%,76.20%
CPH-TBZ,DK," 28,030 ",0.01%,76.21%
CPH-PHL,DK," 27,933 ",0.01%,76.22%
PSA-CPH,DK," 27,889 ",0.01%,76.24%
SZG-CPH,DK," 27,869 ",0.01%,76.25%
BOJ-CPH,DK," 27,785 ",0.01%,76.26%
HAM-LAS,DK," 27,755 ",0.01%,76.27%
CPH-LUN,DK," 27,753 ",0.01%,76.29%
HAM-HKG,DK," 27,735 ",0.01%,76.30%
CPH-DKR,DK," 27,718 ",0.01%,76.31%
BLL-DOH,DK," 27,712 ",0.01%,76.32%
CPH-JED,DK," 27,678 ",0.01%,76.34%
CPH-RDU,DK," 27,607 ",0.01%,76.35%
BKK-MNL,DK," 27,583 ",0.01%,76.36%
BLL-BIO,DK," 27,581 ",0.01%,76.37%
CPH-EAS,DK," 27,542 ",0.01%,76.39%
BLL-MOW,DK," 27,529 ",0.01%,76.40%
HAM-USM,DK," 27,522 ",0.01%,76.41%
AAL-RNN,DK," 27,479 ",0.01%,76.42%
BUD-BLL,DK," 27,477 ",0.01%,76.44%
AAL-LAS,DK," 27,387 ",0.01%,76.45%
CPH-MVD,DK," 27,360 ",0.01%,76.46%
BLL-MLE,DK," 27,338 ",0.01%,76.47%
BLL-MAA,DK," 27,214 ",0.01%,76.49%
BLL-EBB,DK," 27,101 ",0.01%,76.50%
CPH-KHI,DK," 27,084 ",0.01%,76.51%
CPH-CEQ,DK," 26,911 ",0.01%,76.52%
CPH-WDH,DK," 26,910 ",0.01%,76.54%
AAL-FLR,DK," 26,817 ",0.01%,76.55%
CPH-TSR,DK," 26,783 ",0.01%,76.56%
BLL-STR,DK," 26,678 ",0.01%,76.57%
CPH-LSQ,DK," 26,656 ",0.01%,76.59%
MOW-PAR,DK," 26,644 ",0.01%,76.60%
BLL-VLC,DK," 26,644 ",0.01%,76.61%
CPH-KKC,DK," 26,614 ",0.01%,76.62%
BRU-BLL,DK," 26,602 ",0.01%,76.63%
BLL-SAO,DK," 26,542 ",0.01%,76.65%
CPH-AQJ,DK," 26,531 ",0.01%,76.66%
HAM-DUB,DK," 26,481 ",0.01%,76.67%
CPH-BAK,DK," 26,465 ",0.01%,76.68%
HAM-EDI,DK," 26,431 ",0.01%,76.69%
BLL-DAR,DK," 26,420 ",0.01%,76.71%
CPH-AJA,DK," 26,398 ",0.01%,76.72%
HAM-FNC,DK," 26,343 ",0.01%,76.73%
BLL-SAN,DK," 26,331 ",0.01%,76.74%
USM-BKK,DK," 26,330 ",0.01%,76.75%
CPH-ANC,DK," 26,321 ",0.01%,76.77%
AAL-IZM,DK," 26,318 ",0.01%,76.78%
CHI-CPH,DK," 26,315 ",0.01%,76.79%
TYO-CPH,DK," 26,267 ",0.01%,76.80%
AGP-HAM,DK," 26,258 ",0.01%,76.81%
AAL-YTO,DK," 26,146 ",0.01%,76.83%
MNL-BLL,DK," 26,140 ",0.01%,76.84%
CPH-BAH,DK," 26,114 ",0.01%,76.85%
AAL-BJS,DK," 26,112 ",0.01%,76.86%
BLL-KYA,DK," 26,068 ",0.01%,76.87%
LUX-CPH,DK," 26,053 ",0.01%,76.89%
HAM-FLR,DK," 26,014 ",0.01%,76.90%
BLL-SCL,DK," 25,963 ",0.01%,76.91%
CPH-BRE,DK," 25,892 ",0.01%,76.92%
BLL-BOM,DK," 25,890 ",0.01%,76.93%
CPH-HGA,DK," 25,881 ",0.01%,76.95%
BLL-TRD,DK," 25,781 ",0.01%,76.96%
BKK-HAN,DK," 25,767 ",0.01%,76.97%
NYC-ORL,DK," 25,722 ",0.01%,76.98%
MOW-AYT,DK," 25,692 ",0.01%,76.99%
CPH-DUR,DK," 25,684 ",0.01%,77.00%
KTM-CPH,DK," 25,647 ",0.01%,77.02%
CPH-YOW,DK," 25,645 ",0.01%,77.03%
CPH-POP,DK," 25,629 ",0.01%,77.04%
CPH-FEZ,DK," 25,528 ",0.01%,77.05%
HAM-RAK,DK," 25,521 ",0.01%,77.06%
LCA-CPH,DK," 25,497 ",0.01%,77.07%
CHQ-CPH,DK," 25,495 ",0.01%,77.09%
MMA-BUH,DK," 25,360 ",0.01%,77.10%
CPH-TRS,DK," 25,299 ",0.01%,77.11%
CPH-YHZ,DK," 25,280 ",0.01%,77.12%
CPH-ECN,DK," 25,256 ",0.01%,77.13%
AAL-IEV,DK," 25,214 ",0.01%,77.14%
BLL-ABZ,DK," 25,125 ",0.01%,77.15%
MOW-NYC,DK," 25,094 ",0.01%,77.17%
AAL-BGO,DK," 25,072 ",0.01%,77.18%
CPH-TKU,DK," 24,905 ",0.01%,77.19%
CPH-IAS,DK," 24,876 ",0.01%,77.20%
CPH-DIY,DK," 24,806 ",0.01%,77.21%
ORL-CPH,DK," 24,804 ",0.01%,77.22%
AAL-DPS,DK," 24,769 ",0.01%,77.23%
KRK-CPH,DK," 24,764 ",0.01%,77.25%
AMM-CPH,DK," 24,762 ",0.01%,77.26%
CPH-HRK,DK," 24,706 ",0.01%,77.27%
LON-LAX,DK," 24,696 ",0.01%,77.28%
HAM-CHI,DK," 24,591 ",0.01%,77.29%
BKK-SGN,DK," 24,559 ",0.01%,77.30%
CPH-DNZ,DK," 24,543 ",0.01%,77.31%
MLA-CPH,DK," 24,484 ",0.01%,77.32%
FAE-BLL,DK," 24,458 ",0.01%,77.34%
AAL-CHI,DK," 24,402 ",0.01%,77.35%
CPH-VRA,DK," 24,380 ",0.01%,77.36%
HAM-YTO,DK," 24,320 ",0.01%,77.37%
AAL-SZG,DK," 24,305 ",0.01%,77.38%
EBJ-LON,DK," 24,250 ",0.01%,77.39%
CPH-BVC,DK," 24,115 ",0.01%,77.40%
AAL-RIX,DK," 24,059 ",0.01%,77.41%
BLL-MPL,DK," 24,022 ",0.01%,77.42%
NYC-LAS,DK," 23,996 ",0.01%,77.43%
HAM-SJO,DK," 23,922 ",0.01%,77.45%
CPH-CLJ,DK," 23,921 ",0.01%,77.46%
BLL-CAN,DK," 23,850 ",0.01%,77.47%
AAL-GVA,DK," 23,822 ",0.01%,77.48%
HAM-BUH,DK," 23,815 ",0.01%,77.49%
AAL-ANK,DK," 23,802 ",0.01%,77.50%
CPH-PFO,DK," 23,793 ",0.01%,77.51%
QUF-CPH,DK," 23,676 ",0.01%,77.52%
AAL-HAM,DK," 23,668 ",0.01%,77.53%
CPH-BSR,DK," 23,632 ",0.01%,77.54%
CPH-MBJ,DK," 23,608 ",0.01%,77.55%
AAR-MAN,DK," 23,506 ",0.01%,77.56%
HAM-CHQ,DK," 23,468 ",0.01%,77.58%
BOG-CPH,DK," 23,437 ",0.01%,77.59%
CPH-ATQ,DK," 23,416 ",0.01%,77.60%
CPH-PPT,DK," 23,415 ",0.01%,77.61%
CPH-CTU,DK," 23,339 ",0.01%,77.62%
AAR-HEL,DK," 23,287 ",0.01%,77.63%
HAM-CUN,DK," 23,245 ",0.01%,77.64%
BLL-DBV,DK," 23,224 ",0.01%,77.65%
MRS-CPH,DK," 23,197 ",0.01%,77.66%
HAM-RHO,DK," 23,159 ",0.01%,77.67%
HAM-FLL,DK," 23,146 ",0.01%,77.68%
HAN-CPH,DK," 23,099 ",0.01%,77.69%
BLQ-CPH,DK," 23,056 ",0.01%,77.70%
BLL-CGN,DK," 23,056 ",0.01%,77.71%
AAL-SVG,DK," 23,014 ",0.01%,77.72%
BLL-PUY,DK," 23,010 ",0.01%,77.73%
CPH-NNG,DK," 22,930 ",0.01%,77.74%
HAM-INN,DK," 22,837 ",0.01%,77.75%
CPH-OGG,DK," 22,808 ",0.01%,77.77%
CPH-JAX,DK," 22,796 ",0.01%,77.78%
PAR-YMQ,DK," 22,689 ",0.01%,77.79%
SKP-MMA,DK," 22,670 ",0.01%,77.80%
CPH-DTM,DK," 22,665 ",0.01%,77.81%
CPH-RUH,DK," 22,651 ",0.01%,77.82%
STR-CPH,DK," 22,644 ",0.01%,77.83%
HAM-RIO,DK," 22,625 ",0.01%,77.84%
CPH-SUF,DK," 22,578 ",0.01%,77.85%
CPH-DRS,DK," 22,551 ",0.01%,77.86%
LIM-CPH,DK," 22,483 ",0.01%,77.87%
BLL-AUH,DK," 22,335 ",0.01%,77.88%
STO-PAR,DK," 22,323 ",0.01%,77.89%
CPH-KOA,DK," 22,320 ",0.01%,77.90%
AAL-CPT,DK," 22,300 ",0.01%,77.91%
PMI-BLL,DK," 22,273 ",0.01%,77.92%
HAM-DAR,DK," 22,260 ",0.01%,77.93%
AAL-SOF,DK," 22,260 ",0.01%,77.94%
AAL-SPU,DK," 22,222 ",0.01%,77.95%
HAM-DLM,DK," 22,176 ",0.01%,77.96%
AAL-DUS,DK," 22,127 ",0.01%,77.97%
OSL-MNL,DK," 22,098 ",0.01%,77.98%
MEX-CPH,DK," 22,039 ",0.01%,77.99%
BLL-BNE,DK," 22,013 ",0.01%,78.00%
CPH-HAU,DK," 21,994 ",0.01%,78.01%
AAR-BRU,DK," 21,911 ",0.01%,78.02%
HAM-MEL,DK," 21,910 ",0.01%,78.03%
EAP-CPH,DK," 21,869 ",0.01%,78.04%
CPH-KGL,DK," 21,824 ",0.01%,78.05%
MUC-BLL,DK," 21,785 ",0.01%,78.06%
HAM-MRU,DK," 21,777 ",0.01%,78.07%
CPH-LGK,DK," 21,767 ",0.01%,78.08%
AAL-HAN,DK," 21,762 ",0.01%,78.09%
LYS-CPH,DK," 21,738 ",0.01%,78.10%
BUH-BLL,DK," 21,737 ",0.01%,78.11%
BLL-KGS,DK," 21,735 ",0.01%,78.12%
BLL-CAS,DK," 21,656 ",0.01%,78.13%
AAL-SHA,DK," 21,643 ",0.01%,78.14%
TRD-CPH,DK," 21,573 ",0.01%,78.15%
HAM-PMO,DK," 21,570 ",0.01%,78.16%
CPH-BFS,DK," 21,557 ",0.01%,78.17%
KBV-BKK,DK," 21,489 ",0.01%,78.18%
HAM-SEA,DK," 21,476 ",0.01%,78.19%
CPH-LEI,DK," 21,437 ",0.01%,78.20%
LON-REK,DK," 21,429 ",0.01%,78.21%
CPH-POS,DK," 21,364 ",0.01%,78.22%
HAM-WAS,DK," 21,342 ",0.01%,78.23%
LON-AMS,DK," 21,312 ",0.01%,78.24%
HAM-ASR,DK," 21,310 ",0.01%,78.25%
BOS-CPH,DK," 21,275 ",0.01%,78.26%
AAL-RHO,DK," 21,271 ",0.01%,78.27%
AKL-CPH,DK," 21,244 ",0.01%,78.28%
BLL-MSP,DK," 21,239 ",0.01%,78.29%
BLL-GDN,DK," 21,221 ",0.01%,78.30%
HAV-CPH,DK," 21,214 ",0.01%,78.31%
BLL-JKT,DK," 21,181 ",0.01%,78.31%
CPH-BRN,DK," 21,149 ",0.01%,78.32%
BLL-CTA,DK," 21,139 ",0.01%,78.33%
AAL-WAW,DK," 21,121 ",0.01%,78.34%
AMS-BKK,DK," 21,112 ",0.01%,78.35%
CPH-RAI,DK," 21,009 ",0.01%,78.36%
AAL-WAS,DK," 20,990 ",0.01%,78.37%
BLL-PDX,DK," 20,928 ",0.01%,78.38%
VCE-BLL,DK," 20,724 ",0.01%,78.39%
CPH-VTE,DK," 20,704 ",0.01%,78.40%
LON-BCN,DK," 20,700 ",0.01%,78.41%
CPH-CCU,DK," 20,659 ",0.01%,78.42%
CPH-GRZ,DK," 20,651 ",0.01%,78.43%
CPH-BZE,DK," 20,647 ",0.01%,78.44%
CPH-REP,DK," 20,642 ",0.01%,78.45%
HAM-BUE,DK," 20,623 ",0.01%,78.46%
LON-YMQ,DK," 20,588 ",0.01%,78.47%
AAL-YVR,DK," 20,553 ",0.01%,78.48%
HAM-HAN,DK," 20,549 ",0.01%,78.49%
HAM-BJS,DK," 20,501 ",0.01%,78.49%
AAR-PRG,DK," 20,418 ",0.01%,78.50%
BEY-BLL,DK," 20,408 ",0.01%,78.51%
AAR-MUC,DK," 20,089 ",0.01%,78.52%
LON-AGP,DK," 20,086 ",0.01%,78.53%
MMA-GDN,DK," 20,082 ",0.01%,78.54%
BKK-REP,DK," 20,060 ",0.01%,78.55%
AAR-GOT,DK," 20,054 ",0.01%,78.56%
CPH-PVK,DK," 20,020 ",0.01%,78.57%
BCN-AAL,DK," 20,010 ",0.01%,78.58%
AAL-JNB,DK," 19,986 ",0.01%,78.59%
BCN-HAM,DK," 19,981 ",0.01%,78.60%
MIA-NYC,DK," 19,970 ",0.01%,78.60%
AAL-HAV,DK," 19,967 ",0.01%,78.61%
HAM-BNE,DK," 19,934 ",0.01%,78.62%
AAL-CHQ,DK," 19,918 ",0.01%,78.63%
BKK-TDX,DK," 19,898 ",0.01%,78.64%
AAR-MIL,DK," 19,888 ",0.01%,78.65%
AAR-RNN,DK," 19,834 ",0.01%,78.66%
MAN-BLL,DK," 19,829 ",0.01%,78.67%
LON-SYD,DK," 19,785 ",0.01%,78.68%
MOW-ROM,DK," 19,777 ",0.01%,78.69%
OSL-REK,DK," 19,750 ",0.01%,78.70%
HAM-TYO,DK," 19,668 ",0.01%,78.70%
FAO-CPH,DK," 19,594 ",0.01%,78.71%
SCL-CPH,DK," 19,553 ",0.01%,78.72%
MOW-LED,DK," 19,505 ",0.01%,78.73%
GOH-CPH,DK," 19,504 ",0.01%,78.74%
MOW-IST,DK," 19,421 ",0.01%,78.75%
AAR-DUB,DK," 19,386 ",0.01%,78.76%
BRU-YMQ,DK," 19,380 ",0.01%,78.77%
CPH-DAD,DK," 19,318 ",0.01%,78.78%
CPH-ETH,DK," 19,314 ",0.01%,78.78%
BLL-JTR,DK," 19,307 ",0.01%,78.79%
SFO-HNL,DK," 19,262 ",0.01%,78.80%
CPH-MKC,DK," 19,259 ",0.01%,78.81%
BER-BKK,DK," 19,213 ",0.01%,78.82%
HAM-SSH,DK," 19,211 ",0.01%,78.83%
BLL-VAR,DK," 19,184 ",0.01%,78.84%
AAR-NCE,DK," 19,179 ",0.01%,78.85%
AMS-AAL,DK," 19,154 ",0.01%,78.85%
AAL-QUF,DK," 19,150 ",0.01%,78.86%
LED-CPH,DK," 19,146 ",0.01%,78.87%
BLL-LED,DK," 19,141 ",0.01%,78.88%
AMS-YMQ,DK," 19,139 ",0.01%,78.89%
CPH-BOO,DK," 19,108 ",0.01%,78.90%
CPH-CUR,DK," 19,033 ",0.01%,78.91%
BLL-TOS,DK," 19,031 ",0.01%,78.92%
KUL-DPS,DK," 19,030 ",0.01%,78.92%
FRA-YMQ,DK," 19,029 ",0.01%,78.93%
HAM-IEV,DK," 19,015 ",0.01%,78.94%
AAL-BXN,DK," 18,977 ",0.01%,78.95%
AAL-GOH,DK," 18,973 ",0.01%,78.96%
AAR-AYT,DK," 18,966 ",0.01%,78.97%
BNE-CPH,DK," 18,955 ",0.01%,78.98%
BLL-SEL,DK," 18,932 ",0.01%,78.98%
BKK-KUL,DK," 18,928 ",0.01%,78.99%
RHO-CPH,DK," 18,901 ",0.01%,79.00%
GOT-LON,DK," 18,870 ",0.01%,79.01%
CPH-RMI,DK," 18,818 ",0.01%,79.02%
BLL-GOT,DK," 18,795 ",0.01%,79.03%
HAM-LCA,DK," 18,741 ",0.01%,79.04%
BLL-TLS,DK," 18,668 ",0.01%,79.04%
HAM-BRU,DK," 18,649 ",0.01%,79.05%
BUD-YMQ,DK," 18,647 ",0.01%,79.06%
AAL-USM,DK," 18,602 ",0.01%,79.07%
CPH-BNX,DK," 18,590 ",0.01%,79.08%
CPH-HRE,DK," 18,587 ",0.01%,79.09%
HER-CPH,DK," 18,541 ",0.01%,79.10%
CPH-SHE,DK," 18,536 ",0.01%,79.10%
NYC-CUN,DK," 18,531 ",0.01%,79.11%
EBJ-ABZ,DK," 18,523 ",0.01%,79.12%
AAL-HRG,DK," 18,514 ",0.01%,79.13%
ZRH-YMQ,DK," 18,484 ",0.01%,79.14%
GOT-BKK,DK," 18,469 ",0.01%,79.15%
AAL-SEA,DK," 18,468 ",0.01%,79.15%
CPH-PEN,DK," 18,462 ",0.01%,79.16%
MMA-WAW,DK," 18,445 ",0.01%,79.17%
SZG-YMQ,DK," 18,443 ",0.01%,79.18%
CPH-SPC,DK," 18,392 ",0.01%,79.19%
VIE-YMQ,DK," 18,346 ",0.01%,79.20%
AYT-AAL,DK," 18,342 ",0.01%,79.21%
PRG-YMQ,DK," 18,328 ",0.01%,79.21%
AAL-VNO,DK," 18,315 ",0.01%,79.22%
CPT-CPH,DK," 18,314 ",0.01%,79.23%
HAM-SHA,DK," 18,282 ",0.01%,79.24%
BLL-IBZ,DK," 18,243 ",0.01%,79.25%
CPH-NTE,DK," 18,227 ",0.01%,79.26%
SIP-MOW,DK," 18,150 ",0.01%,79.26%
MOW-EVN,DK," 18,122 ",0.01%,79.27%
CPH-JNX,DK," 18,102 ",0.01%,79.28%
SEA-CPH,DK," 18,079 ",0.01%,79.29%
HAM-SKG,DK," 18,061 ",0.01%,79.30%
BLL-YMQ,DK," 18,004 ",0.01%,79.30%
CPH-SAP,DK," 17,940 ",0.01%,79.31%
CPH-TAS,DK," 17,933 ",0.01%,79.32%
AAR-GRO,DK," 17,927 ",0.01%,79.33%
CPH-DLA,DK," 17,909 ",0.01%,79.34%
IST-HAM,DK," 17,896 ",0.01%,79.35%
NYC-BLL,DK," 17,881 ",0.01%,79.35%
CPH-ASM,DK," 17,880 ",0.01%,79.36%
BLL-AMM,DK," 17,877 ",0.01%,79.37%
HAM-TLV,DK," 17,873 ",0.01%,79.38%
LAX-LAS,DK," 17,863 ",0.01%,79.39%
SFO-NYC,DK," 17,838 ",0.01%,79.39%
BLL-ADA,DK," 17,825 ",0.01%,79.40%
CPH-LXR,DK," 17,818 ",0.01%,79.41%
HAM-STR,DK," 17,805 ",0.01%,79.42%
BOM-CPH,DK," 17,766 ",0.01%,79.43%
AAL-FAO,DK," 17,758 ",0.01%,79.44%
EBJ-CPH,DK," 17,738 ",0.01%,79.44%
CPH-JHS,DK," 17,734 ",0.01%,79.45%
BKK-SIN,DK," 17,731 ",0.01%,79.46%
HEL-LON,DK," 17,684 ",0.01%,79.47%
AAL-HKG,DK," 17,620 ",0.01%,79.48%
CPH-SAT,DK," 17,534 ",0.01%,79.48%
AAR-MAD,DK," 17,504 ",0.01%,79.49%
CPH-MIR,DK," 17,473 ",0.01%,79.50%
HAM-KBV,DK," 17,470 ",0.01%,79.51%
LON-IST,DK," 17,422 ",0.01%,79.52%
CPH-BDS,DK," 17,369 ",0.01%,79.52%
CPH-CWL,DK," 17,330 ",0.01%,79.53%
NYC-CHI,DK," 17,328 ",0.01%,79.54%
CPH-BSB,DK," 17,328 ",0.01%,79.55%
AAL-MLA,DK," 17,310 ",0.01%,79.55%
ZRH-BLL,DK," 17,284 ",0.01%,79.56%
BER-NYC,DK," 17,225 ",0.01%,79.57%
CPH-CMF,DK," 17,218 ",0.01%,79.58%
YVR-CPH,DK," 17,190 ",0.01%,79.59%
AAL-BOS,DK," 17,190 ",0.01%,79.59%
SEL-CPH,DK," 17,170 ",0.01%,79.60%
BKK-HAM,DK," 17,151 ",0.01%,79.61%
AAL-CAI,DK," 17,128 ",0.01%,79.62%
BLL-PHX,DK," 17,120 ",0.01%,79.63%
VNO-BLL,DK," 17,084 ",0.01%,79.63%
HAM-BOS,DK," 17,066 ",0.01%,79.64%
CUN-CPH,DK," 17,060 ",0.01%,79.65%
HAM-FRA,DK," 17,046 ",0.01%,79.66%
AAR-LPA,DK," 17,024 ",0.01%,79.66%
CPH-BHZ,DK," 17,021 ",0.01%,79.67%
BLL-MRU,DK," 17,015 ",0.01%,79.68%
LON-EDI,DK," 16,974 ",0.01%,79.69%
AAL-TYO,DK," 16,947 ",0.01%,79.70%
SGN-BLL,DK," 16,929 ",0.01%,79.70%
CPH-STL,DK," 16,926 ",0.01%,79.71%
LON-BER,DK," 16,831 ",0.01%,79.72%
CPH-DRW,DK," 16,759 ",0.01%,79.73%
HAM-YVR,DK," 16,757 ",0.01%,79.73%
HAM-DBV,DK," 16,742 ",0.01%,79.74%
IST-AAL,DK," 16,732 ",0.01%,79.75%
STO-BER,DK," 16,715 ",0.01%,79.76%
CPH-ABJ,DK," 16,708 ",0.01%,79.76%
LON-DUB,DK," 16,678 ",0.01%,79.77%
OPO-CPH,DK," 16,674 ",0.01%,79.78%
HAM-TUN,DK," 16,637 ",0.01%,79.79%
SYD-AKL,DK," 16,623 ",0.01%,79.79%
HAM-MAA,DK," 16,615 ",0.01%,79.80%
HAM-JKT,DK," 16,551 ",0.01%,79.81%
BLL-KTM,DK," 16,548 ",0.01%,79.82%
AGP-AAR,DK," 16,542 ",0.01%,79.82%
AAR-TCI,DK," 16,529 ",0.01%,79.83%
OSL-AAR,DK," 16,528 ",0.01%,79.84%
AMS-LON,DK," 16,524 ",0.01%,79.85%
CPH-MJV,DK," 16,520 ",0.01%,79.86%
CPH-FRU,DK," 16,505 ",0.01%,79.86%
BLL-NCL,DK," 16,501 ",0.01%,79.87%
BLL-GOH,DK," 16,495 ",0.01%,79.88%
FRA-NYC,DK," 16,489 ",0.01%,79.89%
LAX-BLL,DK," 16,464 ",0.01%,79.89%
CPH-CLE,DK," 16,436 ",0.01%,79.90%
CPH-RJK,DK," 16,428 ",0.01%,79.91%
HKG-TPE,DK," 16,396 ",0.01%,79.92%
LON-LIS,DK," 16,377 ",0.01%,79.92%
BKK-RGN,DK," 16,376 ",0.01%,79.93%
CPH-GAN,DK," 16,340 ",0.01%,79.94%
CPH-OHD,DK," 16,338 ",0.01%,79.95%
HAM-CAI,DK," 16,321 ",0.01%,79.95%
HKG-BKK,DK," 16,309 ",0.01%,79.96%
CPH-SIP,DK," 16,309 ",0.01%,79.97%
BLL-TRN,DK," 16,308 ",0.01%,79.97%
SVG-BLL,DK," 16,304 ",0.01%,79.98%
BKK-SYD,DK," 16,290 ",0.01%,79.99%
LON-HAM,DK," 16,262 ",0.01%,80.00%
